{
  "mean": [
    0.4730163514614105,
    -9.425442695617676,
    -0.8412375450134277,
    0.04231281578540802,
    -0.39335983991622925,
    -0.03665018826723099
  ],
  "std": [
    1.4678688049316406,
    1.3411879539489746,
    1.841442584991455,
    31.086362838745117,
    30.254533767700195,
    19.960514068603516
  ],
  "sample_rate": 104,
  "window_size": 520,
  "num_classes": 4,
  "labels": [
    "standing",
    "fall",
    "step",
    "walk"
  ]
}