{
  "accuracy": [
    0.8672199249267578,
    1.0,
    0.9958506226539612,
    1.0,
    1.0,
    1.0,
    1.0,
    1.0,
    1.0,
    1.0,
    1.0,
    1.0,
    1.0,
    1.0,
    1.0,
    1.0,
    1.0,
    1.0,
    1.0,
    1.0,
    1.0,
    1.0,
    1.0,
    1.0,
    1.0,
    1.0,
    1.0,
    1.0,
    1.0,
    1.0,
    1.0,
    1.0,
    1.0,
    1.0,
    1.0,
    1.0,
    1.0,
    1.0,
    1.0,
    1.0,
    1.0,
    1.0,
    1.0,
    1.0,
    1.0,
    1.0,
    1.0,
    1.0,
    1.0,
    1.0,
    1.0,
    1.0,
    1.0,
    1.0,
    1.0,
    1.0,
    1.0,
    1.0,
    1.0,
    1.0,
    1.0,
    1.0,
    1.0,
    1.0,
    1.0,
    1.0,
    1.0,
    1.0,
    1.0
  ],
  "loss": [
    0.5561217069625854,
    0.2717019021511078,
    0.2568647563457489,
    0.24077095091342926,
    0.23272888362407684,
    0.2278129756450653,
    0.22619621455669403,
    0.22631074488162994,
    0.23291803896427155,
    0.2261034995317459,
    0.22315411269664764,
    0.21983720362186432,
    0.21709023416042328,
    0.21592189371585846,
    0.2153952717781067,
    0.21584239602088928,
    0.21485929191112518,
    0.21301577985286713,
    0.21193379163742065,
    0.21221639215946198,
    0.21351401507854462,
    0.2125711888074875,
    0.2130376249551773,
    0.21054524183273315,
    0.2155245840549469,
    0.21337828040122986,
    0.211105078458786,
    0.21009166538715363,
    0.21046923100948334,
    0.21088820695877075,
    0.21043112874031067,
    0.211480975151062,
    0.2085324227809906,
    0.20868021249771118,
    0.20952844619750977,
    0.2090778648853302,
    0.20955780148506165,
    0.2091270089149475,
    0.20856839418411255,
    0.20950020849704742,
    0.20820899307727814,
    0.20820879936218262,
    0.20749562978744507,
    0.20784282684326172,
    0.2087710052728653,
    0.20945750176906586,
    0.20900526642799377,
    0.20845478773117065,
    0.20744556188583374,
    0.208167165517807,
    0.2083977460861206,
    0.20844370126724243,
    0.20671764016151428,
    0.20826692879199982,
    0.2070152759552002,
    0.20831531286239624,
    0.20805533230304718,
    0.20815572142601013,
    0.208017036318779,
    0.20688112080097198,
    0.2075835019350052,
    0.20703120529651642,
    0.20658813416957855,
    0.2069544792175293,
    0.20639124512672424,
    0.20685948431491852,
    0.20746061205863953,
    0.2070149928331375,
    0.2068832963705063
  ],
  "val_accuracy": [
    0.2857142984867096,
    0.2857142984867096,
    0.2857142984867096,
    0.2857142984867096,
    0.4017857015132904,
    0.4375,
    0.4375,
    0.4732142984867096,
    0.4732142984867096,
    0.4732142984867096,
    0.4732142984867096,
    0.4732142984867096,
    0.6785714030265808,
    0.7857142686843872,
    0.8303571343421936,
    0.8303571343421936,
    0.8839285969734192,
    0.9107142686843872,
    0.9196428656578064,
    0.9196428656578064,
    0.9910714030265808,
    0.9910714030265808,
    1.0,
    1.0,
    1.0,
    1.0,
    1.0,
    0.9910714030265808,
    1.0,
    1.0,
    1.0,
    1.0,
    1.0,
    1.0,
    1.0,
    1.0,
    1.0,
    1.0,
    1.0,
    1.0,
    1.0,
    1.0,
    1.0,
    1.0,
    1.0,
    1.0,
    1.0,
    1.0,
    1.0,
    1.0,
    1.0,
    1.0,
    1.0,
    1.0,
    1.0,
    1.0,
    1.0,
    1.0,
    1.0,
    1.0,
    1.0,
    1.0,
    1.0,
    1.0,
    1.0,
    1.0,
    1.0,
    1.0,
    1.0
  ],
  "val_loss": [
    380.8114929199219,
    418.5031433105469,
    205.51393127441406,
    107.7059097290039,
    59.633689880371094,
    38.319091796875,
    23.63306999206543,
    13.03560733795166,
    6.652222156524658,
    6.489245891571045,
    5.6864094734191895,
    4.277004718780518,
    2.4078304767608643,
    1.6131588220596313,
    1.053783893585205,
    0.926594078540802,
    0.6047948598861694,
    0.5323960781097412,
    0.36897388100624084,
    0.353473037481308,
    0.27986088395118713,
    0.2692171633243561,
    0.25339922308921814,
    0.25770270824432373,
    0.24550046026706696,
    0.2513759434223175,
    0.24521811306476593,
    0.2611392140388489,
    0.2501369118690491,
    0.24674904346466064,
    0.2622270882129669,
    0.24786925315856934,
    0.24429704248905182,
    0.24547620117664337,
    0.24361801147460938,
    0.23989418148994446,
    0.23654763400554657,
    0.23545977473258972,
    0.23562189936637878,
    0.2341279238462448,
    0.23218600451946259,
    0.22943298518657684,
    0.22697946429252625,
    0.22716419398784637,
    0.22515593469142914,
    0.22481727600097656,
    0.2237260639667511,
    0.2247646003961563,
    0.2261451929807663,
    0.22408649325370789,
    0.22342059016227722,
    0.22253535687923431,
    0.22131016850471497,
    0.22031767666339874,
    0.22231005132198334,
    0.22092615067958832,
    0.22536538541316986,
    0.22289831936359406,
    0.22326524555683136,
    0.2240501493215561,
    0.22419650852680206,
    0.22553463280200958,
    0.22459937632083893,
    0.22388707101345062,
    0.22382602095603943,
    0.22349080443382263,
    0.22326813638210297,
    0.22323492169380188,
    0.22279790043830872
  ],
  "learning_rate": [
    0.0010000000474974513,
    0.0010000000474974513,
    0.0010000000474974513,
    0.0010000000474974513,
    0.0010000000474974513,
    0.0010000000474974513,
    0.0010000000474974513,
    0.0010000000474974513,
    0.0010000000474974513,
    0.0010000000474974513,
    0.0010000000474974513,
    0.0010000000474974513,
    0.0010000000474974513,
    0.0010000000474974513,
    0.0010000000474974513,
    0.0010000000474974513,
    0.0010000000474974513,
    0.0010000000474974513,
    0.0010000000474974513,
    0.0010000000474974513,
    0.0010000000474974513,
    0.0010000000474974513,
    0.0010000000474974513,
    0.0010000000474974513,
    0.0010000000474974513,
    0.0010000000474974513,
    0.0010000000474974513,
    0.0010000000474974513,
    0.0010000000474974513,
    0.0010000000474974513,
    0.0010000000474974513,
    0.0010000000474974513,
    0.0005000000237487257,
    0.0005000000237487257,
    0.0005000000237487257,
    0.0005000000237487257,
    0.0005000000237487257,
    0.0005000000237487257,
    0.0005000000237487257,
    0.0005000000237487257,
    0.0005000000237487257,
    0.0005000000237487257,
    0.0005000000237487257,
    0.0005000000237487257,
    0.0005000000237487257,
    0.0005000000237487257,
    0.0005000000237487257,
    0.0005000000237487257,
    0.0005000000237487257,
    0.0005000000237487257,
    0.0005000000237487257,
    0.0005000000237487257,
    0.0005000000237487257,
    0.0005000000237487257,
    0.0005000000237487257,
    0.0005000000237487257,
    0.0005000000237487257,
    0.0005000000237487257,
    0.0005000000237487257,
    0.0002500000118743628,
    0.0002500000118743628,
    0.0002500000118743628,
    0.0002500000118743628,
    0.0002500000118743628,
    0.0001250000059371814,
    0.0001250000059371814,
    0.0001250000059371814,
    0.0001250000059371814,
    0.0001250000059371814
  ]
}