{
  "accuracy": [
    0.8962655663490295,
    0.9917012453079224,
    0.9979252815246582,
    1.0,
    1.0,
    1.0,
    1.0,
    0.9979252815246582,
    1.0,
    1.0,
    1.0,
    0.9958506226539612,
    0.9979252815246582,
    1.0,
    0.9979252815246582,
    0.9979252815246582,
    1.0,
    1.0,
    0.9979252815246582,
    1.0,
    1.0,
    1.0,
    1.0,
    0.9979252815246582,
    1.0,
    1.0,
    1.0,
    1.0,
    1.0,
    1.0,
    1.0,
    1.0,
    1.0,
    1.0,
    1.0,
    1.0,
    1.0,
    1.0,
    1.0,
    1.0,
    1.0,
    1.0,
    1.0,
    1.0,
    1.0,
    1.0,
    1.0,
    1.0,
    1.0,
    1.0,
    1.0,
    1.0,
    1.0,
    1.0,
    1.0,
    1.0,
    1.0,
    1.0,
    1.0,
    1.0,
    1.0,
    1.0,
    1.0,
    1.0,
    1.0,
    1.0
  ],
  "loss": [
    0.5450317859649658,
    0.26256421208381653,
    0.2537406384944916,
    0.24600034952163696,
    0.23929859697818756,
    0.23990723490715027,
    0.2311820685863495,
    0.23580050468444824,
    0.2335543930530548,
    0.22708863019943237,
    0.23318298161029816,
    0.22995835542678833,
    0.23135527968406677,
    0.22238987684249878,
    0.2263915240764618,
    0.22599230706691742,
    0.22711209952831268,
    0.22630473971366882,
    0.22766859829425812,
    0.22150170803070068,
    0.22066658735275269,
    0.22576670348644257,
    0.22342705726623535,
    0.22443820536136627,
    0.22148655354976654,
    0.22663405537605286,
    0.22266219556331635,
    0.2185690701007843,
    0.22592605650424957,
    0.22285258769989014,
    0.2206835150718689,
    0.22541077435016632,
    0.2213013470172882,
    0.21893811225891113,
    0.2177801877260208,
    0.21726912260055542,
    0.21609589457511902,
    0.21718281507492065,
    0.21829938888549805,
    0.2173057645559311,
    0.2151254117488861,
    0.21869684755802155,
    0.21627934277057648,
    0.2174137681722641,
    0.2161906659603119,
    0.2163526862859726,
    0.21598589420318604,
    0.21591849625110626,
    0.21383944153785706,
    0.2152411937713623,
    0.21512579917907715,
    0.21570327877998352,
    0.21542668342590332,
    0.2162235528230667,
    0.2153576761484146,
    0.2187442034482956,
    0.2149185836315155,
    0.214530348777771,
    0.22327598929405212,
    0.21593189239501953,
    0.2149791419506073,
    0.21646234393119812,
    0.21531328558921814,
    0.21470360457897186,
    0.21521645784378052,
    0.21405568718910217
  ],
  "val_accuracy": [
    0.2857142984867096,
    0.2857142984867096,
    0.2857142984867096,
    0.3125,
    0.3482142984867096,
    0.3928571343421936,
    0.4732142984867096,
    0.5803571343421936,
    0.7589285969734192,
    0.8035714030265808,
    0.8571428656578064,
    0.9017857313156128,
    0.9285714030265808,
    0.9642857313156128,
    0.9642857313156128,
    0.9642857313156128,
    0.9910714030265808,
    1.0,
    1.0,
    1.0,
    1.0,
    1.0,
    1.0,
    1.0,
    1.0,
    1.0,
    1.0,
    1.0,
    1.0,
    0.9910714030265808,
    1.0,
    1.0,
    1.0,
    1.0,
    1.0,
    1.0,
    1.0,
    1.0,
    1.0,
    1.0,
    1.0,
    1.0,
    1.0,
    1.0,
    1.0,
    1.0,
    1.0,
    1.0,
    1.0,
    1.0,
    1.0,
    1.0,
    1.0,
    1.0,
    1.0,
    1.0,
    1.0,
    1.0,
    1.0,
    1.0,
    1.0,
    1.0,
    1.0,
    1.0,
    1.0,
    1.0
  ],
  "val_loss": [
    7.84433650970459,
    11.093328475952148,
    9.613747596740723,
    6.1820244789123535,
    4.137183666229248,
    2.815803050994873,
    1.8736234903335571,
    1.2500673532485962,
    0.9947670102119446,
    0.8152768015861511,
    0.592221200466156,
    0.5026304125785828,
    0.42491135001182556,
    0.3675655424594879,
    0.3450864255428314,
    0.3375033438205719,
    0.29854077100753784,
    0.2778353989124298,
    0.2572959363460541,
    0.2769719660282135,
    0.2572590112686157,
    0.2421657294034958,
    0.23859034478664398,
    0.24240973591804504,
    0.24660749733448029,
    0.2287212461233139,
    0.22641770541667938,
    0.241652250289917,
    0.23730123043060303,
    0.24684973061084747,
    0.2384137362241745,
    0.23482249677181244,
    0.23265640437602997,
    0.2301473617553711,
    0.22655466198921204,
    0.2264854609966278,
    0.2279728502035141,
    0.2270825058221817,
    0.22605715692043304,
    0.22856222093105316,
    0.22716215252876282,
    0.22241130471229553,
    0.220733642578125,
    0.21937277913093567,
    0.21930383145809174,
    0.2187802493572235,
    0.2182806432247162,
    0.21865259110927582,
    0.21861949563026428,
    0.21827265620231628,
    0.21771322190761566,
    0.21872200071811676,
    0.21980643272399902,
    0.21872608363628387,
    0.21899808943271637,
    0.21816274523735046,
    0.21822334825992584,
    0.21837234497070312,
    0.21920020878314972,
    0.2197275608778,
    0.21976450085639954,
    0.2195577174425125,
    0.22020316123962402,
    0.22028055787086487,
    0.2203318029642105,
    0.22012141346931458
  ],
  "learning_rate": [
    0.0010000000474974513,
    0.0010000000474974513,
    0.0010000000474974513,
    0.0010000000474974513,
    0.0010000000474974513,
    0.0010000000474974513,
    0.0010000000474974513,
    0.0010000000474974513,
    0.0010000000474974513,
    0.0010000000474974513,
    0.0010000000474974513,
    0.0010000000474974513,
    0.0010000000474974513,
    0.0010000000474974513,
    0.0010000000474974513,
    0.0010000000474974513,
    0.0010000000474974513,
    0.0010000000474974513,
    0.0010000000474974513,
    0.0010000000474974513,
    0.0010000000474974513,
    0.0010000000474974513,
    0.0010000000474974513,
    0.0010000000474974513,
    0.0010000000474974513,
    0.0010000000474974513,
    0.0010000000474974513,
    0.0010000000474974513,
    0.0010000000474974513,
    0.0010000000474974513,
    0.0010000000474974513,
    0.0010000000474974513,
    0.0005000000237487257,
    0.0005000000237487257,
    0.0005000000237487257,
    0.0005000000237487257,
    0.0005000000237487257,
    0.0002500000118743628,
    0.0002500000118743628,
    0.0002500000118743628,
    0.0002500000118743628,
    0.0002500000118743628,
    0.0002500000118743628,
    0.0002500000118743628,
    0.0002500000118743628,
    0.0002500000118743628,
    0.0002500000118743628,
    0.0002500000118743628,
    0.0002500000118743628,
    0.0002500000118743628,
    0.0002500000118743628,
    0.0002500000118743628,
    0.0002500000118743628,
    0.0002500000118743628,
    0.0002500000118743628,
    0.0002500000118743628,
    0.0001250000059371814,
    0.0001250000059371814,
    0.0001250000059371814,
    0.0001250000059371814,
    0.0001250000059371814,
    6.25000029685907e-05,
    6.25000029685907e-05,
    6.25000029685907e-05,
    6.25000029685907e-05,
    6.25000029685907e-05
  ]
}